time,average_part_size,mass_of_pm1,mass_of_pm2,mass_of_pm4,mass_of_pm10,number_of_pm0,number_of_pm1,number_of_pm2,number_of_pm4,number_of_pm10,pressure,temperature,board_temperature,humidity,wind_speed
2021-12-30T16:00:00Z,0.56,28.92,32.6,34.2,35.09,193.69,227.89,230.64,231.11,231.26,1001.58,6.8,8.65,73,0.41
2021-12-30T17:00:00Z,0.46,37.52,39.67,39.67,39.67,257.81,298.6,299.43,299.52,299.58,1002.4,5.9,6.96,79,0.9
2021-12-30T18:00:00Z,0.49,27.25,30.41,31.68,32.38,183.22,215.03,217.3,217.69,217.81,1003.01,5,6.03,83,1.01
2021-12-30T19:00:00Z,0.51,35.81,38.51,39.03,39.31,244.43,284.25,285.72,285.93,286.02,1003.82,4.8,5.8,85,1.28
2021-12-30T20:00:00Z,0.48,33.44,36.14,36.76,37.1,227.81,265.23,266.79,267.02,267.11,1004.13,3.9,5.06,83,1.11
2021-12-30T21:00:00Z,0.44,24.3,25.69,25.69,25.69,166.95,193.37,193.91,193.96,194,1004.33,3.7,4.48,79,0.89
2021-12-30T22:00:00Z,0.53,39.63,44.46,46.5,47.62,265.86,312.44,316,316.61,316.79,1004.65,2.8,3.7,78,0.79
2021-12-30T23:00:00Z,0.51,39.4,43.83,45.56,46.51,265.26,311.06,314.21,314.73,314.9,1004.62,3.2,3.82,79,1.29
2021-12-31T00:00:00Z,0.47,39.53,43.25,44.4,45.03,268.02,312.98,315.37,315.75,315.89,1004.18,2.7,3.53,79,1.33
2021-12-31T01:00:00Z,0.45,32.82,34.7,34.7,34.7,225.51,261.19,261.92,261.99,262.04,1004.02,2.7,3.4,80,1.7
2021-12-31T02:00:00Z,0.43,42.02,44.43,44.43,44.43,288.71,334.39,335.33,335.42,335.49,1004.09,2.9,3.62,80,1.09
2021-12-31T03:00:00Z,0.59,38.03,42.9,45.04,46.22,254.53,299.55,303.21,303.84,304.03,1004.07,2.5,3.21,80,1.19
2021-12-31T04:00:00Z,0.49,37.75,41.15,42.13,42.67,256.28,299,301.13,301.46,301.58,1003.73,1.5,2.61,84,1.07
2021-12-31T05:00:00Z,0.54,34.43,38.98,41.03,42.16,230.1,271.05,274.51,275.11,275.29,1003.53,1.7,2.61,80,1.07
2021-12-31T06:00:00Z,0.47,37.09,39.81,40.29,40.55,253.36,294.5,295.95,296.15,296.24,1003.73,1.3,2.04,80,1.29
2021-12-31T07:00:00Z,0.46,36.2,38.28,38.28,38.28,248.74,288.1,288.9,288.98,289.04,1003.95,1.3,1.89,76,1.59
2021-12-31T08:00:00Z,0.45,32.52,34.39,34.39,34.39,223.44,258.8,259.52,259.59,259.65,1004.43,1.6,2.18,75,1.81
2021-12-31T09:00:00Z,0.43,29.54,31.24,31.24,31.24,202.99,235.11,235.77,235.83,235.88,1004.73,4.1,4.96,72,2.02
2021-12-31T10:00:00Z,0.51,31.42,35.42,37.18,38.15,210.32,247.49,250.5,251.02,251.17,1005.07,8.6,10.17,61,1.19
2021-12-31T11:00:00Z,0.42,26.6,28.13,28.13,28.13,182.77,211.69,212.28,212.34,212.38,1004.82,14.4,18.51,42,1.02
2021-12-31T12:00:00Z,0.39,24.37,25.78,25.78,25.78,167.49,193.99,194.53,194.59,194.63,1004.61,16.5,22.01,36,1.38
2021-12-31T13:00:00Z,0.53,28.16,32.64,34.91,36.16,186.34,220.87,224.49,225.13,225.31,1004.01,19,24.52,32,1.32
2021-12-31T14:00:00Z,0.39,26.99,28.54,28.54,28.54,185.46,214.8,215.4,215.46,215.51,1003.32,19.3,24.64,30,1.56
2021-12-31T15:00:00Z,0.46,50.89,53.82,53.82,53.82,349.69,405.02,406.15,406.27,406.35,1003.73,14.6,17.95,43,1.69
2021-12-31T16:00:00Z,0.41,34.31,36.28,36.28,36.28,235.73,273.03,273.8,273.87,273.93,1004.04,10.7,11.8,62,1.77
2021-12-31T17:00:00Z,0.39,35.68,37.73,37.73,37.73,245.15,283.94,284.73,284.81,284.87,1004.26,9,9.88,66,2
2021-12-31T18:00:00Z,0.5,35.14,38.55,39.66,40.27,237.95,278.06,280.3,280.66,280.78,1004.54,7.8,8.7,68,2.08
2021-12-31T19:00:00Z,0.56,47,51.5,52.93,53.72,318.43,371.99,374.92,375.39,375.56,1004.52,6.8,7.52,74,2.24
2021-12-31T20:00:00Z,0.45,40.83,43.18,43.18,43.18,280.58,324.97,325.88,325.97,326.03,1004.77,6,6.81,75,2.19
2021-12-31T21:00:00Z,0.51,50.7,54.96,56.04,56.63,344.96,401.93,404.47,404.86,405.01,1004.65,5.2,5.71,75,2.41
2021-12-31T22:00:00Z,0.49,36.37,39.24,39.86,40.2,247.94,288.55,290.17,290.41,290.51,1004.88,5.1,5.65,74,1.81
2021-12-31T23:00:00Z,0.49,27.48,30.11,30.94,31.4,186.22,217.53,219.24,219.51,219.6,1004.58,4.8,5.22,77,1.85
2022-01-01T00:00:00Z,0.51,44.69,49.04,50.46,51.24,302.58,353.6,356.47,356.93,357.08,1004.12,4.1,4.43,77,1.9
2022-01-01T01:00:00Z,0.46,34,35.95,35.95,35.95,233.61,270.57,271.33,271.4,271.46,1003.98,3.9,4.42,78,2.23
2022-01-01T02:00:00Z,0.49,23.26,26.01,27.13,27.75,156.28,183.5,185.5,185.84,185.94,1003.9,3.2,3.73,75,2.34
2022-01-01T03:00:00Z,0.44,24.04,25.42,25.42,25.42,165.19,191.32,191.86,191.91,191.95,1003.9,2.3,3,74,2.25
2022-01-01T04:00:00Z,0.47,30.41,32.65,33.04,33.25,207.75,241.48,242.67,242.84,242.91,1003.62,2.4,3.03,79,2.38
2022-01-01T05:00:00Z,0.44,16.82,17.79,17.79,17.79,115.61,133.9,134.27,134.31,134.34,1003.52,2.4,2.87,78,2.48
2022-01-01T06:00:00Z,0.4,17.6,18.61,18.61,18.61,120.93,140.06,140.45,140.49,140.52,1003.58,2.9,3.15,79,2.52
2022-01-01T07:00:00Z,0.44,21.96,23.22,23.22,23.22,150.87,174.74,175.23,175.28,175.32,1004.07,1.8,2.28,75,2.54
2022-01-01T08:00:00Z,0.49,19.97,22.03,22.77,23.17,134.89,157.86,159.26,159.5,159.57,1004.39,2,2.73,74,2.72
2022-01-01T09:00:00Z,0.47,10.39,11.2,11.38,11.48,70.82,82.41,82.87,82.94,82.97,1004.46,8,9.82,63,2.88
2022-01-01T10:00:00Z,0.39,10.82,11.44,11.44,11.44,74.35,86.11,86.35,86.38,86.39,1004.95,13.5,17.74,44,2.53
2022-01-01T11:00:00Z,0.53,11.1,12.59,13.28,13.66,74.1,87.34,88.49,88.68,88.74,1004.9,16.1,17.74,38,2.57
2022-01-01T12:00:00Z,0.47,12.61,14.25,14.99,15.39,84.32,99.28,100.53,100.75,100.81,1004.49,17.4,19.68,31,2.08
2022-01-01T13:00:00Z,0.52,15.72,17.92,18.96,19.53,104.71,123.58,125.29,125.59,125.68,1004.11,18.1,19.98,35,1.74
2022-01-01T14:00:00Z,0.45,18.86,19.94,19.94,19.94,129.57,150.07,150.49,150.53,150.56,1004.13,18.3,20.27,38,1.36
2022-01-01T15:00:00Z,0.47,11.67,12.65,12.9,13.03,79.42,92.54,93.12,93.21,93.24,1004.33,15.5,17.35,47,1.54
2022-01-01T16:00:00Z,0.42,20.22,21.38,21.38,21.38,138.95,160.94,161.39,161.43,161.47,1004.16,12.7,13.98,58,1.73
2022-01-01T17:00:00Z,0.39,20.95,22.16,22.16,22.16,143.99,166.77,167.24,167.28,167.32,1004.08,11,12.03,66,1.8
2022-01-01T18:00:00Z,0.44,19.72,20.85,20.85,20.85,135.49,156.93,157.37,157.41,157.45,1004.61,9.2,10.32,66,1.96
2022-01-01T19:00:00Z,0.5,25.75,27.81,28.28,28.53,175.5,204.29,205.47,205.65,205.72,1004.86,8.4,9.33,70,2.04
2022-01-01T20:00:00Z,0.59,19.63,22.86,24.54,25.47,129.56,153.78,156.43,156.9,157.03,1005.03,7.3,8.26,69,2.03
2022-01-01T21:00:00Z,0.4,31.16,32.95,32.95,32.95,214.14,248.02,248.71,248.78,248.83,1005.61,6.5,7.25,72,2.07
2022-01-01T22:00:00Z,0.46,25.93,27.42,27.42,27.42,178.19,206.39,206.97,207.02,207.07,1005.38,5.8,6.52,72,1.99
2022-01-01T23:00:00Z,0.42,33.69,35.63,35.63,35.63,231.53,268.16,268.91,268.99,269.04,1005.91,5.1,6.03,74,1.96
2022-01-02T00:00:00Z,0.48,29.01,31.87,32.81,33.33,196.37,229.54,231.43,231.73,231.84,1005.86,4.5,5.44,75,2.15
2022-01-02T01:00:00Z,0.45,24.99,26.43,26.43,26.43,171.72,198.89,199.45,199.5,199.54,1005.58,4.1,5.17,74,1.86
2022-01-02T02:00:00Z,0.5,24.41,26.59,27.21,27.55,165.73,193.34,194.7,194.91,194.98,1005.81,3.4,4.58,74,1.64
2022-01-02T03:00:00Z,0.49,24.53,27.38,28.52,29.15,164.96,193.59,195.64,195.99,196.1,1005.77,3.2,4.19,75,2
2022-01-02T04:00:00Z,0.42,18.58,19.64,19.64,19.64,127.65,147.84,148.26,148.3,148.33,1005.36,2.7,3.81,77,2.12
2022-01-02T05:00:00Z,0.51,27.97,30.38,31.02,31.37,190.2,221.71,223.17,223.39,223.48,1005.36,3.1,4.05,77,2.11
2022-01-02T06:00:00Z,0.41,17.8,18.82,18.82,18.82,122.31,141.66,142.06,142.1,142.13,1005.42,2.5,3.76,77,2.11
2022-01-02T07:00:00Z,0.46,16.97,17.95,17.95,17.95,116.64,135.1,135.47,135.51,135.54,1005.46,2.3,3.31,76,1.99
2022-01-02T08:00:00Z,0.45,17.85,18.88,18.88,18.88,122.69,142.1,142.5,142.54,142.57,1005.45,2.2,3.33,73,2.06
2022-01-02T09:00:00Z,0.41,19.38,20.5,20.5,20.5,133.19,154.26,154.69,154.73,154.76,1005.56,3.9,5,70,1.91
2022-01-02T10:00:00Z,0.43,15.58,16.48,16.48,16.48,107.06,124,124.35,124.39,124.41,1005.29,7.5,8.92,63,1.64
2022-01-02T11:00:00Z,0.38,16.56,17.51,17.51,17.51,113.78,131.79,132.15,132.19,132.22,1004.77,8.1,9.1,69,1.31
2022-01-02T12:00:00Z,0.39,12.36,13.07,13.07,13.07,84.93,98.37,98.64,98.67,98.69,1003.84,11.2,12.87,55,1.9
2022-01-02T13:00:00Z,0.45,15.84,16.75,16.75,16.75,108.87,126.1,126.45,126.48,126.51,1002.59,11.1,12.36,59,1.86
2022-01-02T14:00:00Z,0.44,16.74,17.7,17.7,17.7,115.02,133.22,133.59,133.63,133.66,1002.4,11.2,12.07,65,2.55
2022-01-02T15:00:00Z,0.41,16.21,17.14,17.14,17.14,111.38,129,129.36,129.4,129.43,1002.44,9.9,11.05,68,2.33
2022-01-02T16:00:00Z,0.42,33.91,35.86,35.86,35.86,233,269.87,270.62,270.7,270.75,1002.29,9.9,10.64,69,2.09
2022-01-02T17:00:00Z,0.43,21.14,22.35,22.35,22.35,145.23,168.21,168.68,168.73,168.76,1002.31,8.1,9.06,73,2.44
2022-01-02T18:00:00Z,0.49,35.01,38.72,40.08,40.83,236.28,276.67,279.23,279.65,279.79,1002.22,7.5,8.56,74,2.52
2022-01-02T19:00:00Z,0.42,30.62,32.38,32.38,32.38,210.42,243.72,244.4,244.46,244.51,1002.4,6.9,7.69,76,2.47
2022-01-02T20:00:00Z,0.45,41.83,44.23,44.23,44.23,287.42,332.89,333.82,333.92,333.98,1002.39,6.1,7.01,75,2.69
2022-01-02T21:00:00Z,0.46,41.33,43.71,43.71,43.71,284.02,328.96,329.88,329.97,330.04,1002.23,6.2,7.15,75,2.27
2022-01-02T22:00:00Z,0.49,32.02,35.16,36.21,36.78,216.7,253.3,255.38,255.72,255.83,1002.01,5.5,6.33,76,2.8
2022-01-02T23:00:00Z,0.46,34.26,36.23,36.23,36.23,235.41,272.66,273.42,273.5,273.55,1001.48,5.2,6.13,77,3.19
2022-01-03T00:00:00Z,0.46,52.13,55.13,55.13,55.13,358.22,414.89,416.05,416.17,416.25,1000.92,4.9,5.72,77,2.14
2022-01-03T01:00:00Z,0.49,40.01,42.7,43.01,43.18,273.98,318.02,319.31,319.48,319.56,1001.1,4.4,5.43,75,2.14
2022-01-03T02:00:00Z,0.41,24.42,25.82,25.82,25.82,167.77,194.32,194.86,194.91,194.95,1000.8,3.7,4.65,76,2.37
2022-01-03T03:00:00Z,0.52,42.88,47.71,49.61,50.65,288.65,338.52,341.96,342.53,342.72,1000.07,3.4,4.56,74,2.37
2022-01-03T04:00:00Z,0.52,31.15,34.55,35.84,36.55,209.98,246.06,248.44,248.84,248.96,999.92,3.1,4.08,73,2.37
2022-01-03T05:00:00Z,0.53,34.56,37.97,39.1,39.73,233.89,273.42,275.68,276.04,276.17,999.42,3.1,4.03,74,2.14
2022-01-03T06:00:00Z,0.43,37.08,39.21,39.21,39.21,254.8,295.12,295.94,296.02,296.08,999.18,2.2,3.29,73,2.14
2022-01-03T07:00:00Z,0.5,34.23,37.11,37.84,38.24,232.89,271.35,273.07,273.33,273.43,998.79,2.6,3.5,77,2.14
2022-01-03T08:00:00Z,0.45,26.96,28.5,28.5,28.5,185.22,214.53,215.13,215.19,215.24,999.4,2.8,3.61,75,0.38
2022-01-03T09:00:00Z,0.49,37.69,41.43,42.7,43.39,254.96,298.1,300.6,301,301.14,1000.17,3.6,4.6,76,0.38
2022-01-03T10:00:00Z,0.43,37.63,39.79,39.79,39.79,258.54,299.45,300.29,300.37,300.43,999.96,4.8,5.89,75,0.38
2022-01-03T11:00:00Z,0.52,51.02,56.05,57.72,58.64,345.28,403.62,406.95,407.49,407.67,998.92,5.8,6.76,83,1
2022-01-03T12:00:00Z,0.61,47.1,53.62,56.67,58.35,314,370.44,375.49,376.37,376.63,998.44,6.9,7.92,81,1
2022-01-03T13:00:00Z,0.49,46.99,50.75,51.6,52.07,320.2,372.74,374.9,375.22,375.35,997.97,7.7,8.87,76,1
2022-01-03T14:00:00Z,0.5,42.92,46.49,47.37,47.85,292.15,340.33,342.44,342.75,342.88,997.23,8.4,9.69,74,0.7
2022-01-03T15:00:00Z,0.43,46.26,48.92,48.92,48.92,317.89,368.18,369.21,369.31,369.39,998.3,8.2,9.43,74,0.7
2022-01-03T16:00:00Z,0.48,54.99,58.89,59.48,59.8,375.98,436.78,438.78,439.05,439.17,997.24,7.4,8.5,79,0.7
2022-01-03T17:00:00Z,0.48,46.59,50.49,51.46,52,317.07,369.4,371.71,372.06,372.2,997.47,7.1,7.99,81,1.61
2022-01-03T18:00:00Z,0.5,43.84,47.75,48.87,49.48,297.69,347.26,349.71,350.09,350.22,996.97,6.7,7.57,81,1.61
2022-01-03T19:00:00Z,0.48,49.9,53.67,54.39,54.79,340.58,396.07,398.13,398.42,398.55,997.43,5.9,6.52,82,1.61
2022-01-03T20:00:00Z,0.41,49.2,52.02,52.02,52.02,338.05,391.54,392.63,392.74,392.82,997.41,6.2,7.17,81,1.34
2022-01-03T21:00:00Z,0.47,57.8,62.63,63.84,64.5,393.33,458.24,461.12,461.55,461.72,996.84,6.1,7.13,80,1.34
2022-01-03T22:00:00Z,0.51,61.17,66.77,68.44,69.35,415.03,484.39,487.94,488.5,488.7,996.83,6.5,7.34,80,1.34
2022-01-03T23:00:00Z,0.43,60.6,64.08,64.08,64.08,416.38,482.27,483.61,483.75,483.85,996.63,6.6,7.61,80,1.33
2022-01-04T00:00:00Z,0.48,60.38,65.48,66.79,67.5,410.8,478.68,481.74,482.2,482.38,995.98,6.6,7.69,80,1.33
2022-01-04T01:00:00Z,0.44,61.86,65.41,65.41,65.41,425.06,492.32,493.69,493.83,493.93,995.2,6.6,7.68,82,1.33
2022-01-04T02:00:00Z,0.49,53.36,57.85,58.98,59.61,363.08,423.04,425.72,426.12,426.28,994.71,6.5,7.54,83,1.78
2022-01-04T03:00:00Z,0.47,64.19,68.66,69.28,69.63,439.08,509.93,512.18,512.48,512.62,993.88,6.6,7.55,84,1.78
2022-01-04T04:00:00Z,0.5,58.75,62.67,63.1,63.34,402.36,466.98,468.85,469.09,469.21,993.64,6.7,7.75,86,1.78
2022-01-04T05:00:00Z,0.46,62.24,65.82,65.82,65.82,427.69,495.36,496.75,496.88,496.99,993.04,6.7,7.75,86,1.69
2022-01-04T06:00:00Z,0.42,57.07,60.35,60.35,60.35,392.16,454.21,455.48,455.6,455.7,992.81,6.7,7.7,86,1.69
2022-01-04T07:00:00Z,0.55,55.04,61.76,64.6,66.16,369.24,433.95,438.91,439.75,440.01,992.43,6.7,7.69,85,1.69
2022-01-04T08:00:00Z,0.48,65.08,70.08,71.08,71.63,444.07,516.55,519.31,519.7,519.87,992.33,6.9,7.92,86,0.55
2022-01-04T09:00:00Z,0.49,67.35,73.03,74.48,75.27,458.25,533.95,537.35,537.86,538.06,992.35,6.9,7.95,86,0.55
2022-01-04T10:00:00Z,0.56,60.66,67,69.27,70.52,409.61,479.47,483.81,484.52,484.75,992.05,7.2,8.22,86,0.55
2022-01-04T11:00:00Z,0.48,57.99,61.77,62.13,62.33,397.32,460.98,462.74,462.96,463.08,991.55,7.4,8.52,85,1.94
2022-01-04T12:00:00Z,0.51,63.86,68.66,69.56,70.06,435.97,506.95,509.55,509.92,510.08,990.71,7.4,8.55,86,1.94
2022-01-04T13:00:00Z,0.46,71.69,75.81,75.81,75.81,492.62,570.56,572.16,572.31,572.43,989.95,7.7,8.72,85,1.94
2022-01-04T14:00:00Z,0.58,47.49,53.21,55.59,56.9,318.84,374.56,378.75,379.46,379.68,989.53,7.8,8.82,85,1.37
2022-01-04T15:00:00Z,0.55,44.07,48.84,50.63,51.62,297.16,348.14,351.47,352.03,352.2,989.04,7.8,8.88,84,1.37
2022-01-04T16:00:00Z,0.67,52.47,63.14,69.24,72.6,341.3,408.82,418.01,419.68,420.13,988.76,7.6,8.77,84,1.37
2022-01-04T17:00:00Z,0.61,48.76,55.39,58.44,60.11,325.45,383.69,388.79,389.67,389.93,988.62,7.6,8.58,85,1.72
2022-01-04T18:00:00Z,0.5,54.92,59.12,59.95,60.41,374.78,435.92,438.24,438.57,438.71,988.27,7.5,8.52,86,1.72
2022-01-04T19:00:00Z,0.58,55.16,62.12,65.15,66.82,369.44,434.6,439.81,440.7,440.97,987.79,7.6,8.57,85,1.72
2022-01-04T20:00:00Z,0.47,45.73,49.35,50.13,50.57,311.77,362.84,364.89,365.19,365.31,987.86,7.5,8.55,86,1.21
2022-01-04T21:00:00Z,0.54,57.86,63.76,65.81,66.94,391.11,457.54,461.52,462.17,462.39,987.31,7.7,8.74,85,1.21
2022-01-04T22:00:00Z,0.48,51.14,55.47,56.58,57.2,347.9,405.41,408.01,408.4,408.55,986.77,7.7,8.81,85,1.21
2022-01-04T23:00:00Z,0.54,48.8,53.46,54.93,55.74,330.68,386.27,389.29,389.77,389.94,985.75,7.7,8.67,85,1.6
2022-01-05T00:00:00Z,0.56,71.73,79.47,82.35,83.93,483.81,566.74,572.13,573.02,573.3,985.12,7.5,8.55,86,1.6
2022-01-05T01:00:00Z,0.46,63.05,66.68,66.68,66.68,433.27,501.82,503.22,503.36,503.46,984.37,7.3,8.43,87,1.6
2022-01-05T02:00:00Z,0.53,47.34,51.42,52.5,53.1,321.84,375.17,377.65,378.03,378.17,983.65,7.4,8.5,87,1.34
2022-01-05T03:00:00Z,0.52,43.95,47.36,48.06,48.45,299.82,348.81,350.71,350.98,351.09,982.4,7.5,8.53,87,1.34
2022-01-05T04:00:00Z,0.48,55.71,60.44,61.66,62.34,378.96,441.62,444.47,444.9,445.07,981.82,7.4,8.5,87,1.34
2022-01-05T05:00:00Z,0.51,52.68,56.42,56.99,57.31,360.16,418.42,420.34,420.6,420.72,981.76,7.6,8.55,87,1.1
2022-01-05T06:00:00Z,0.6,37.36,42.34,44.6,45.84,249.57,294.06,297.86,298.52,298.71,981.66,7.2,8.3,88,1.1
2022-01-05T07:00:00Z,0.47,37.15,40.64,41.73,42.33,251.81,294.07,296.32,296.68,296.81,981.7,7.2,8.37,88,1.1
2022-01-05T08:00:00Z,0.54,34.6,37.7,38.59,39.08,234.92,274.06,276,276.31,276.41,981.87,7.3,8.26,88,0.18
2022-01-05T09:00:00Z,0.61,45.04,51.83,55.18,57.02,298.89,353.61,359.01,359.97,360.24,981.57,8.2,9.17,84,0.18
2022-01-05T10:00:00Z,0.58,27.95,31.66,33.35,34.27,186.76,220.03,222.86,223.35,223.5,981.49,13.3,15.29,65,0.18
2022-01-05T11:00:00Z,0.41,21.67,22.91,22.91,22.91,148.89,172.45,172.93,172.98,173.01,980.95,13.3,16,58,1.2
2022-01-05T12:00:00Z,0.61,18.92,22.36,24.24,25.27,124.08,147.87,150.76,151.28,151.42,980.28,11.6,12.99,66,1.2
2022-01-05T13:00:00Z,0.69,26.07,31.79,35.15,37,168.56,202.67,207.67,208.58,208.82,979.87,11.4,12.69,68,1.2
2022-01-05T14:00:00Z,0.55,22.3,24.66,25.53,26.01,150.46,176.19,177.82,178.09,178.18,979.23,12.2,13.69,67,1.24
2022-01-05T15:00:00Z,0.38,23.86,25.23,25.23,25.23,163.97,189.92,190.45,190.5,190.54,979.42,11.9,13.34,66,1.24
2022-01-05T16:00:00Z,0.46,22.68,23.99,23.99,23.99,155.88,180.54,181.04,181.09,181.13,979.81,12.2,12.31,67,1.24
2022-01-05T17:00:00Z,0.55,20.21,23.11,24.5,25.26,134.54,158.89,161.16,161.55,161.67,980.3,9.4,10.27,74,2.73
2022-01-05T18:00:00Z,0.49,21.61,23.35,23.74,23.95,147.28,171.45,172.44,172.59,172.65,981.24,8.6,9.53,77,2.73
2022-01-05T19:00:00Z,0.53,25.95,29.46,31.07,31.95,173.22,204.19,206.88,207.35,207.49,981.93,7.6,8.35,77,2.73
2022-01-05T20:00:00Z,0.62,25.04,29.41,31.75,33.04,164.72,195.96,199.59,200.24,200.42,982.53,7.6,8.15,72,2.77
2022-01-05T21:00:00Z,0.57,12.79,15.45,16.99,17.84,83.06,99.6,101.91,102.33,102.44,983.32,7,7.69,58,2.77
2022-01-05T22:00:00Z,0.51,11.94,13.23,13.72,13.99,80.48,94.29,95.2,95.35,95.4,984.14,4.6,5.67,61,2.77
2022-01-05T23:00:00Z,0.47,13.21,13.97,13.97,13.97,90.75,105.11,105.4,105.43,105.45,984.74,4.7,5.22,59,2.67
2022-01-06T00:00:00Z,0.36,15.21,16.09,16.09,16.09,104.53,121.07,121.41,121.45,121.47,985.69,4.6,5.44,60,2.67
2022-01-06T01:00:00Z,0.46,10.36,10.95,10.95,10.95,71.17,82.44,82.67,82.69,82.71,986.25,4.3,5.11,65,2.67
2022-01-06T02:00:00Z,0.44,17.14,18.13,18.13,18.13,117.78,136.42,136.8,136.84,136.87,987.65,4.2,4.88,64,3.39
2022-01-06T03:00:00Z,0.47,14.12,15.08,15.2,15.27,96.68,112.24,112.71,112.77,112.8,988.36,3.3,3.96,66,3.39
2022-01-06T04:00:00Z,0.5,11.17,12.98,13.91,14.43,73.79,87.53,89.01,89.27,89.34,988.85,2.7,3.2,65,3.39
2022-01-06T05:00:00Z,0.52,10.04,11.12,11.52,11.74,67.71,79.31,80.06,80.18,80.22,989.56,1.7,2.37,65,3.69
2022-01-06T06:00:00Z,0.51,14.68,15.79,16,16.11,100.2,116.52,117.12,117.21,117.24,990.59,2,2.69,66,3.69
2022-01-06T07:00:00Z,0.45,7.58,8.02,8.02,8.02,52.09,60.33,60.5,60.51,60.52,991.2,1.8,2.57,67,3.69
2022-01-06T08:00:00Z,0.49,10.02,10.86,11.08,11.19,68.14,79.4,79.91,79.98,80.01,991.9,2.2,3.03,67,2.82
2022-01-06T09:00:00Z,0.52,8.91,9.8,10.1,10.27,60.24,70.45,71.04,71.14,71.17,992.95,5.2,6.66,56,2.82
2022-01-06T10:00:00Z,0.49,12.82,14.35,14.98,15.33,86.06,101.08,102.2,102.39,102.45,993.58,6.3,7.56,54,2.82
2022-01-06T11:00:00Z,0.49,11.94,13.5,14.2,14.58,79.88,94.05,95.23,95.44,95.5,993.62,8.4,9.17,48,3.51
2022-01-06T12:00:00Z,0.43,15.81,16.72,16.72,16.72,108.66,125.85,126.2,126.23,126.26,993.55,13.1,14.21,29,3.51
2022-01-06T13:00:00Z,0.49,6.74,7.72,8.19,8.45,44.86,53,53.77,53.9,53.94,993.52,14.4,16.37,7,3.51
2022-01-06T14:00:00Z,0.48,4.36,4.92,5.18,5.31,29.14,34.31,34.74,34.81,34.84,993.8,15.4,17.45,8,2.82
2022-01-06T15:00:00Z,0.41,10.13,10.71,10.71,10.71,69.61,80.62,80.85,80.87,80.89,994.02,12.4,14.63,11,2.82
2022-01-06T16:00:00Z,0.56,4.8,5.34,5.55,5.67,32.3,37.88,38.26,38.32,38.34,994.95,8.3,10.17,21,2.82
2022-01-06T17:00:00Z,0.45,10.97,11.6,11.6,11.6,75.4,87.33,87.58,87.6,87.62,995.89,6.1,7.07,37,4.1
2022-01-06T18:00:00Z,0.45,10.7,11.32,11.32,11.32,73.54,85.17,85.41,85.43,85.45,996.47,4.9,5.51,44,4.1
2022-01-06T19:00:00Z,0.66,8.46,10.67,12.05,12.81,53.77,65.33,67.33,67.7,67.8,996.91,4.1,4.6,47,4.1
2022-01-06T20:00:00Z,0.47,11.95,12.85,13.02,13.11,81.6,94.88,95.37,95.44,95.47,997.82,3.4,3.67,51,3.79
2022-01-06T21:00:00Z,0.43,13.43,14.2,14.2,14.2,92.26,106.85,107.15,107.18,107.2,998.48,2.9,3.26,52,3.79
2022-01-06T22:00:00Z,0.58,11.21,13.06,14.02,14.55,74,87.84,89.35,89.62,89.7,999.03,2,2.34,57,3.79
2022-01-06T23:00:00Z,0.53,16.54,19.09,20.37,21.07,109.64,129.82,131.87,132.23,132.33,999.51,1.5,1.86,57,4.16
2022-01-07T00:00:00Z,0.49,16.25,17.71,18.12,18.35,110.38,128.76,129.67,129.81,129.86,999.93,1.1,1.5,58,4.16
2022-01-07T01:00:00Z,0.58,10.48,12.81,14.19,14.95,67.64,81.4,83.45,83.82,83.92,1000.01,0.3,1.06,61,4.16
2022-01-07T02:00:00Z,0.48,11.34,12.24,12.44,12.55,77.28,89.95,90.47,90.54,90.57,1000.32,0.6,0.93,58,3.93
2022-01-07T03:00:00Z,0.53,14.62,16.06,16.54,16.8,98.91,115.63,116.58,116.74,116.79,1000.21,-0.9,0.4,60,3.93
2022-01-07T04:00:00Z,0.72,14.37,18.3,20.77,22.13,90.97,110.84,114.41,115.07,115.24,1000.25,-0.5,-0.09,61,3.93
2022-01-07T05:00:00Z,0.46,10.45,11.05,11.05,11.05,71.82,83.19,83.42,83.44,83.46,1000.35,-0.4,-0.17,60,3.64
2022-01-07T06:00:00Z,0.56,8.54,9.48,9.84,10.03,57.53,67.43,68.09,68.2,68.24,1000.38,-0.1,-0.5,60,3.64
2022-01-07T07:00:00Z,0.58,9.22,10.62,11.31,11.69,61.17,72.38,73.5,73.69,73.75,1000.57,-0.3,-0.18,59,3.64
2022-01-07T08:00:00Z,0.44,16.02,16.94,16.94,16.94,110.08,127.49,127.85,127.88,127.91,1000.96,-0.6,0.3,60,1.81
2022-01-07T09:00:00Z,0.59,6.32,7.4,7.97,8.28,41.63,49.47,50.36,50.52,50.57,1000.78,2.3,3.69,51,1.81
2022-01-07T10:00:00Z,0.38,8.51,9,9,9,58.51,67.77,67.96,67.97,67.99,1000.8,7.7,11.14,31,1.81
2022-01-07T11:00:00Z,0.46,11.78,12.46,12.46,12.46,80.98,93.79,94.05,94.08,94.1,999.8,10.3,15.8,23,2
2022-01-07T12:00:00Z,0.39,21.77,23.02,23.02,23.02,149.56,173.22,173.71,173.76,173.79,998.93,12.9,18.73,22,2
2022-01-07T13:00:00Z,0.46,15.44,16.32,16.32,16.32,106.08,122.86,123.2,123.24,123.26,998.1,15.4,20.84,17,2
2022-01-07T14:00:00Z,0.5,6.94,7.62,7.85,7.97,46.94,54.87,55.32,55.39,55.42,997.63,12.7,16.06,17,1.42
2022-01-07T15:00:00Z,0.49,12.45,13.74,14.19,14.45,84.12,98.44,99.31,99.46,99.5,997.06,8.6,10.12,33,1.42
2022-01-07T16:00:00Z,0.45,10.63,11.24,11.24,11.24,73.06,84.62,84.85,84.88,84.9,996.41,6.8,8,40,1.42
2022-01-07T17:00:00Z,0.49,16.64,18.26,18.79,19.09,112.7,131.7,132.77,132.94,133,996.16,4.9,5.59,50,2.24
2022-01-07T18:00:00Z,0.65,17.84,21.39,23.4,24.51,116.23,139.08,142.12,142.67,142.82,996.41,3.5,4.08,55,2.24
2022-01-07T19:00:00Z,0.57,25.83,28.65,29.71,30.3,174.11,204.02,206,206.32,206.43,996.2,3,3.43,58,2.24
2022-01-07T20:00:00Z,0.55,20.49,22.61,23.36,23.77,138.42,161.98,163.42,163.66,163.74,996.31,1.9,2.4,61,2.08
2022-01-07T21:00:00Z,0.57,20.48,23.23,24.48,25.17,136.78,161.19,163.29,163.65,163.76,996.67,1.7,2.27,60,2.08
2022-01-07T22:00:00Z,0.38,17.16,18.15,18.15,18.15,117.94,136.6,136.98,137.02,137.05,996.54,0.9,1.3,63,2.08
2022-01-07T23:00:00Z,0.58,23.01,26.52,28.27,29.23,152.62,180.63,183.44,183.93,184.07,996.11,0.9,1.1,62,2.41
2022-01-08T00:00:00Z,0.43,18.78,19.86,19.86,19.86,129.04,149.46,149.88,149.92,149.95,995.72,0.5,0.83,63,2.41
2022-01-08T01:00:00Z,0.44,21.01,22.22,22.22,22.22,144.36,167.2,167.67,167.71,167.75,994.86,0.1,0.27,63,2.41
2022-01-08T02:00:00Z,0.52,23.08,25.48,26.34,26.81,155.93,182.49,184.13,184.4,184.48,994.69,-0.8,0.16,67,2.47
2022-01-08T03:00:00Z,0.41,25.69,27.17,27.17,27.17,176.55,204.49,205.06,205.11,205.16,993.6,-1.5,-0.92,66,2.47
2022-01-08T04:00:00Z,0.58,26.53,31.03,33.4,34.71,174.79,207.71,211.42,212.08,212.27,993.76,-2.9,-1.51,69,2.47
2022-01-08T05:00:00Z,0.46,23.44,24.79,24.79,24.79,161.05,186.54,187.06,187.11,187.15,994.07,-1.7,-0.76,67,2.51
2022-01-08T06:00:00Z,0.49,27.53,30.14,30.95,31.41,186.57,217.9,219.59,219.86,219.95,994.02,-2.7,-1.83,68,2.51
2022-01-08T07:00:00Z,0.44,25.57,27.04,27.04,27.04,175.71,203.52,204.08,204.14,204.18,994.61,-1.1,-1.59,69,2.51
2022-01-08T08:00:00Z,0.47,24.76,26.38,26.54,26.62,169.62,196.81,197.56,197.66,197.71,994.81,-1.4,-0.91,66,0.82
2022-01-08T09:00:00Z,0.53,32.58,35.61,36.54,37.05,220.97,257.98,259.92,260.23,260.34,994.71,2.1,2.81,60,0.82
2022-01-08T10:00:00Z,0.48,23.81,25.46,25.68,25.8,162.86,189.13,189.96,190.07,190.12,994.97,6.8,7.89,46,0.82
2022-01-08T11:00:00Z,0.52,30.89,35.47,37.7,38.93,205.23,242.65,246.27,246.91,247.09,994.62,8.5,10.05,36,1.32
2022-01-08T12:00:00Z,0.46,27.63,29.22,29.22,29.22,189.89,219.94,220.55,220.61,220.66,993.66,8.7,11.11,35,1.32
2022-01-08T13:00:00Z,0.43,18.97,20.06,20.06,20.06,130.35,150.98,151.4,151.44,151.47,992.86,10.8,12.51,34,1.32
2022-01-08T14:00:00Z,0.47,25.23,26.68,26.68,26.68,173.37,200.8,201.36,201.42,201.46,992.43,13.2,18.12,21,1.43
2022-01-08T15:00:00Z,0.46,26.08,27.58,27.58,27.58,179.21,207.56,208.14,208.2,208.24,991.72,10.2,13.9,29,1.43
2022-01-08T16:00:00Z,0.48,32.66,35.22,35.77,36.07,222.67,259.12,260.56,260.77,260.86,991.67,6.7,7.87,44,1.43
2022-01-08T17:00:00Z,0.47,35.52,38.95,40.06,40.67,240.56,281.08,283.33,283.69,283.81,991.16,4.5,5.12,55,1.74
2022-01-08T18:00:00Z,0.5,54.34,59.14,60.47,61.2,369.2,430.57,433.53,433.99,434.16,991.03,3.6,4.22,61,1.74
2022-01-08T19:00:00Z,0.46,54.12,57.23,57.23,57.23,371.87,430.71,431.91,432.03,432.12,991.22,3.3,3.68,62,1.74
2022-01-08T20:00:00Z,0.44,45.99,48.63,48.63,48.63,316.01,366.01,367.03,367.13,367.21,991.09,2.1,2.69,65,1.85
2022-01-08T21:00:00Z,0.48,49.06,52.84,53.61,54.03,334.67,389.33,391.43,391.73,391.86,990.26,1.9,2.49,67,1.85
2022-01-08T22:00:00Z,0.4,43.75,46.26,46.26,46.26,300.62,348.19,349.16,349.26,349.33,989.39,1.6,2.29,67,1.85
2022-01-08T23:00:00Z,0.43,60.84,64.33,64.33,64.33,418.04,484.18,485.53,485.67,485.77,988.78,1.2,1.73,69,1.74
2022-01-09T00:00:00Z,0.46,51.85,54.83,54.83,54.83,356.27,412.65,413.8,413.91,414,988,0.7,1.18,70,1.74
2022-01-09T01:00:00Z,0.48,55.52,60.4,61.75,62.49,377.27,439.95,442.96,443.42,443.59,987.36,1.5,2.21,70,1.74
2022-01-09T02:00:00Z,0.5,53.53,59.18,61.24,62.38,361.3,423.03,426.93,427.57,427.78,985.54,1.1,2.06,72,0.98
2022-01-09T03:00:00Z,0.46,61.83,65.39,65.39,65.39,424.89,492.12,493.49,493.63,493.73,985.91,1.8,2.57,71,0.98
2022-01-09T04:00:00Z,0.46,51.07,54,54,54,350.89,406.42,407.55,407.66,407.75,985.31,1.5,2.44,72,0.98
2022-01-09T05:00:00Z,0.41,49.54,52.39,52.39,52.39,340.43,394.3,395.4,395.51,395.59,986.27,1.4,2.24,74,2.18
2022-01-09T06:00:00Z,0.42,69.55,73.55,73.55,73.55,477.91,553.53,555.07,555.23,555.34,985.36,1.4,2.02,71,2.18
2022-01-09T07:00:00Z,0.47,55.11,59.03,59.63,59.96,376.8,437.75,439.76,440.04,440.16,984.98,0.5,1.05,71,2.18
2022-01-09T08:00:00Z,0.46,63.16,66.79,66.79,66.79,433.98,502.65,504.05,504.19,504.29,985.33,0.5,0.96,71,0.72
2022-01-09T09:00:00Z,0.5,50.63,54.91,56,56.6,344.42,401.34,403.9,404.29,404.44,985.43,4.2,6.03,60,0.72
2022-01-09T10:00:00Z,0.48,52.8,57.86,59.48,60.37,357.69,417.87,421.17,421.7,421.88,985.22,6.5,7.68,50,0.72
2022-01-09T11:00:00Z,0.49,52.31,57.02,58.37,59.11,355.2,414.4,417.34,417.8,417.97,984.98,9.4,10.96,39,2.07
2022-01-09T12:00:00Z,0.45,50.09,52.97,52.97,52.97,344.2,398.67,399.78,399.89,399.97,984.22,11,13.08,31,2.07
2022-01-09T13:00:00Z,0.47,32.71,36.49,38,38.84,219.95,258.11,260.83,261.29,261.43,983.53,12.8,14.94,23,2.07
2022-01-09T14:00:00Z,0.56,21.02,24.49,26.3,27.29,138.77,164.72,167.56,168.07,168.21,983.3,13.5,15.32,14,0.89
2022-01-09T15:00:00Z,0.4,14.42,15.25,15.25,15.25,99.07,114.75,115.07,115.1,115.12,983.4,11.5,13.29,16,0.89
2022-01-09T16:00:00Z,0.37,24.98,26.42,26.42,26.42,171.67,198.84,199.39,199.45,199.49,983.47,8.4,9.96,35,0.89
2022-01-09T17:00:00Z,0.52,40.2,43.82,44.86,45.43,272.96,318.45,320.72,321.07,321.2,983.9,6.2,7.23,46,3.74
2022-01-09T18:00:00Z,0.49,29.42,32.51,33.63,34.24,198.61,232.51,234.63,234.98,235.1,984.34,4.5,5.65,49,3.74
2022-01-09T19:00:00Z,0.48,29.99,31.95,32.14,32.24,205.46,238.39,239.3,239.42,239.48,984.65,3.4,4.67,53,3.74
2022-01-09T20:00:00Z,0.61,21.3,24.82,26.64,27.65,140.58,166.87,169.75,170.26,170.41,984.96,2.9,4.05,52,3.32
2022-01-09T21:00:00Z,0.51,24.4,26.87,27.72,28.18,165,192.99,194.65,194.92,195.01,984.97,2.9,3.79,51,3.32
2022-01-09T22:00:00Z,0.5,29.43,33.26,34.96,35.9,196.81,231.73,234.63,235.13,235.28,985.42,2.6,3.52,49,3.32
2022-01-09T23:00:00Z,0.46,26.15,27.65,27.65,27.65,179.65,208.08,208.66,208.72,208.76,985.73,1.8,2.88,52,3.42
2022-01-10T00:00:00Z,0.53,25.23,27.41,28,28.32,171.5,199.93,201.26,201.47,201.55,985.88,1.8,2.49,54,3.42
2022-01-10T01:00:00Z,0.51,18.11,19.63,20.02,20.23,123.22,143.57,144.48,144.62,144.67,986.33,1.5,2.31,54,3.42
2022-01-10T02:00:00Z,0.46,17.24,18.23,18.23,18.23,118.43,137.17,137.55,137.59,137.62,987.04,0.7,1.59,58,3.45
2022-01-10T03:00:00Z,0.54,25.55,29,30.57,31.44,170.61,201.09,203.73,204.19,204.32,987.4,0.3,1.2,57,3.45
2022-01-10T04:00:00Z,0.57,19.5,22.97,24.84,25.88,128.04,152.45,155.35,155.87,156.01,987.75,0.2,0.93,59,3.45
2022-01-10T05:00:00Z,0.6,26.9,33.13,36.87,38.93,173,208.66,214.18,215.19,215.45,988.44,-0.6,0.37,59,3.37
2022-01-10T06:00:00Z,0.46,20.15,21.31,21.31,21.31,138.45,160.36,160.8,160.85,160.88,989.04,-2,0.11,57,3.37
2022-01-10T07:00:00Z,0.51,20.05,21.81,22.31,22.58,136.2,158.84,159.93,160.1,160.16,989.79,-1.9,-0.11,59,3.37
2022-01-10T08:00:00Z,0.54,21.19,23.8,24.91,25.52,142.08,167.02,168.95,169.28,169.38,990.77,-0.6,0.44,59,2.87
2022-01-10T09:00:00Z,0.5,24.27,26.51,27.18,27.55,164.64,192.18,193.61,193.83,193.91,991.37,1.5,2.83,59,2.87
2022-01-10T10:00:00Z,0.42,16.37,17.31,17.31,17.31,112.46,130.25,130.62,130.65,130.68,992.02,7.2,10.95,36,2.87
2022-01-10T11:00:00Z,0.41,19.43,20.55,20.55,20.55,133.52,154.65,155.08,155.13,155.16,992.13,10,15.31,29,3.16
2022-01-10T12:00:00Z,0.42,26.67,28.2,28.2,28.2,183.25,212.25,212.84,212.9,212.95,992.02,13.2,18.77,22,3.16
2022-01-10T13:00:00Z,0.46,22.03,23.29,23.29,23.29,151.35,175.3,175.79,175.84,175.87,992.18,16.2,22.14,9,3.16
2022-01-10T14:00:00Z,0.44,14.76,15.61,15.61,15.61,101.42,117.46,117.79,117.83,117.85,992.69,15.6,20.57,7,2.17
2022-01-10T15:00:00Z,0.5,15.82,17.76,18.59,19.05,106.05,124.67,126.11,126.36,126.44,993.22,13.3,17.32,10,2.17
2022-01-10T16:00:00Z,0.45,11.58,12.25,12.25,12.25,79.59,92.19,92.44,92.47,92.49,993.72,8.7,10.06,21,2.17
2022-01-10T17:00:00Z,0.63,12.91,16.1,18.05,19.12,82.57,99.95,102.8,103.32,103.46,994.6,6.1,6.63,33,3.89
2022-01-10T18:00:00Z,0.5,18.3,22.27,24.59,25.88,118.38,142.26,145.73,146.36,146.53,995.42,4.1,4.71,44,3.89
2022-01-10T19:00:00Z,0.53,23.34,25.98,27.01,27.57,157.17,184.31,186.18,186.5,186.6,996.21,3.1,3.73,46,3.89
2022-01-10T20:00:00Z,0.47,18.65,19.81,19.87,19.91,127.96,148.36,148.86,148.91,148.95,996.96,2.2,2.75,49,4.17
2022-01-10T21:00:00Z,0.45,20.49,21.67,21.67,21.67,140.81,163.09,163.54,163.59,163.62,997.72,1.7,2.24,50,4.17
2022-01-10T22:00:00Z,0.52,14.92,16.91,17.82,18.32,99.65,117.42,118.95,119.21,119.29,998.28,1.1,1.73,50,4.17
2022-01-10T23:00:00Z,0.63,12.73,15.22,16.62,17.39,83.01,99.25,101.38,101.77,101.87,998.64,0.9,1.38,50,4.14
2022-01-11T00:00:00Z,0.6,18.16,20.78,22.04,22.73,120.8,142.7,144.76,145.12,145.23,998.98,0.4,0.93,51,4.14
2022-01-11T01:00:00Z,0.49,11.02,13.51,14.98,15.8,71.1,85.61,87.8,88.2,88.3,999.15,0.4,0.72,49,4.14
2022-01-11T02:00:00Z,0.46,10.78,11.4,11.4,11.4,74.05,85.77,86.01,86.03,86.05,999.41,-0.9,0.37,48,3.11
2022-01-11T03:00:00Z,0.49,8.33,9.52,10.08,10.39,55.47,65.49,66.42,66.58,66.63,999.39,-0.5,-0.04,48,3.11
2022-01-11T04:00:00Z,0.66,7.77,9.53,10.58,11.16,50.06,60.3,61.86,62.14,62.22,999.48,-0.3,-0.34,47,3.11
2022-01-11T05:00:00Z,0.46,4.24,4.48,4.48,4.48,29.11,33.72,33.81,33.82,33.83,1000.08,-0.6,-0.12,45,3.74
2022-01-11T06:00:00Z,0.49,6.02,6.89,7.31,7.54,40.04,47.3,47.98,48.1,48.14,1000.64,-0.4,-0.46,46,3.74
2022-01-11T07:00:00Z,0.57,8.37,9.24,9.56,9.73,56.55,66.18,66.78,66.88,66.91,1001.48,-0.8,-0.06,43,3.74
2022-01-11T08:00:00Z,0.66,8.38,10.49,11.78,12.5,53.45,64.79,66.68,67.03,67.12,1002.45,-1.1,-1.28,51,3.47
2022-01-11T09:00:00Z,0.42,10.4,10.99,10.99,10.99,71.44,82.74,82.97,82.99,83.01,1003.34,4.2,6.47,33,3.47
2022-01-11T10:00:00Z,0.47,6.62,7.24,7.44,7.54,44.89,52.42,52.82,52.89,52.91,1003.95,8.5,12.49,19,3.47
2022-01-11T11:00:00Z,0.54,6.94,8.12,8.75,9.09,45.68,54.3,55.28,55.45,55.5,1003.78,12.3,18.05,11,1.59
2022-01-11T12:00:00Z,0.43,8.2,8.67,8.67,8.67,56.33,65.25,65.43,65.45,65.46,1003.32,14.8,20.77,8,1.59
2022-01-11T13:00:00Z,0.52,4.65,5.31,5.63,5.8,30.94,36.53,37.05,37.15,37.17,1002.75,16.8,22.79,3,1.59
2022-01-11T14:00:00Z,0.76,1.96,2.75,3.28,3.58,11.81,14.86,15.61,15.75,15.78,1002.15,17.8,23.23,2,0.95
2022-01-11T15:00:00Z,0.69,2.98,3.85,4.41,4.72,18.67,22.87,23.68,23.83,23.86,1001.89,15.2,19.66,6,0.95
2022-01-11T16:00:00Z,0.47,4.62,5.28,5.6,5.77,30.71,36.27,36.79,36.88,36.91,1002.28,10.1,11.69,8,0.95
2022-01-11T17:00:00Z,0.32,4.56,4.83,4.83,4.83,31.35,36.32,36.42,36.43,36.43,1002.95,6.8,7.41,20,3.54
2022-01-11T18:00:00Z,0.55,14.28,16.02,16.75,17.15,95.8,112.59,113.87,114.09,114.15,1003.69,4.9,5.42,30,3.54
2022-01-11T19:00:00Z,0.66,8.39,9.87,10.66,11.09,55.16,65.64,66.87,67.09,67.15,1004.14,3.8,4.2,32,3.54
2022-01-11T20:00:00Z,0.63,17.6,20.57,22.13,22.98,116,137.81,140.25,140.69,140.81,1004.37,2.5,2.91,40,3.23
2022-01-11T21:00:00Z,0.45,8.61,9.1,9.1,9.1,59.16,68.52,68.71,68.73,68.74,1005.16,2.8,2.72,43,3.23
2022-01-11T22:00:00Z,0.56,13.3,15.55,16.73,17.38,87.64,104.13,105.99,106.32,106.41,1005.44,1.7,1.92,40,3.23
2022-01-11T23:00:00Z,0.5,12.87,13.9,14.12,14.25,87.73,102.11,102.7,102.79,102.82,1005.55,1.3,1.36,41,2.7
2022-01-12T00:00:00Z,0.6,14.91,17.03,18.03,18.58,99.32,117.25,118.9,119.19,119.27,1006.03,0.3,0.63,44,2.7
2022-01-12T01:00:00Z,0.41,15.38,16.26,16.26,16.26,105.69,122.41,122.75,122.78,122.81,1006.64,-0.3,-0.26,48,2.7
2022-01-12T02:00:00Z,0.62,13.77,15.89,16.95,17.53,91.25,108.03,109.73,110.03,110.12,1007.46,-0.1,-0.6,48,2.35
2022-01-12T03:00:00Z,0.51,12.77,13.79,14.02,14.15,86.99,101.27,101.86,101.95,101.98,1007.87,-1.7,-1.05,49,2.35
2022-01-12T04:00:00Z,0.42,17.03,18.01,18.01,18.01,117,135.51,135.89,135.93,135.96,1008.31,-1.5,-1.21,51,2.35
2022-01-12T05:00:00Z,0.39,11.26,11.91,11.91,11.91,77.39,89.64,89.89,89.92,89.93,1008.75,-1.3,-1.59,51,4.99
2022-01-12T06:00:00Z,0.49,10.54,11.96,12.61,12.96,70.34,82.91,84,84.19,84.25,1009.12,-2.9,-1.71,51,4.99
2022-01-12T07:00:00Z,0.6,24.65,28.41,30.28,31.3,163.47,193.48,196.48,197.01,197.16,1009.89,-1.2,-1.53,52,4.99
2022-01-12T08:00:00Z,0.53,25.54,27.52,27.94,28.16,174.19,202.66,203.77,203.93,204,1010.68,-2.6,-1.91,54,3.3
2022-01-12T09:00:00Z,0.51,23.3,25.34,25.91,26.22,158.32,184.62,185.88,186.07,186.14,1011.41,3.2,5.34,38,3.3
2022-01-12T10:00:00Z,0.47,22.61,24.11,24.26,24.35,154.85,179.7,180.41,180.5,180.55,1011.73,7.6,11.73,24,3.3
2022-01-12T11:00:00Z,0.4,18.56,19.63,19.63,19.63,127.55,147.73,148.15,148.19,148.22,1011.69,11.3,16.63,18,2.37
2022-01-12T12:00:00Z,0.48,24.72,27.68,28.91,29.58,165.96,194.94,197.1,197.47,197.58,1011.22,13.9,20.37,9,2.37
2022-01-12T13:00:00Z,0.4,17.14,18.12,18.12,18.12,117.75,136.38,136.76,136.8,136.82,1010.93,16,22.07,7,2.37
2022-01-12T14:00:00Z,0.41,14.99,15.85,15.85,15.85,103,119.29,119.63,119.66,119.68,1010.59,16.2,21.4,7,1.49
2022-01-12T15:00:00Z,0.5,13.48,15.17,15.91,16.31,90.32,106.24,107.5,107.72,107.78,1010.43,13.6,17.81,9,1.49
2022-01-12T16:00:00Z,0.48,27.99,30.69,31.57,32.05,189.56,221.49,223.26,223.55,223.64,1010.53,8.4,9.81,22,1.49
2022-01-12T17:00:00Z,0.37,25.15,26.59,26.59,26.59,172.81,200.16,200.71,200.77,200.81,1011,5.2,5.95,39,2.72
2022-01-12T18:00:00Z,0.5,23.33,25.01,25.28,25.42,159.48,185.31,186.18,186.29,186.35,1011.25,3.6,4.11,42,2.72
2022-01-12T19:00:00Z,0.53,21.28,23.57,24.43,24.9,143.52,168.13,169.72,169.99,170.07,1011.74,2.7,3.33,45,2.72
2022-01-12T20:00:00Z,0.45,25.07,26.51,26.51,26.51,172.27,199.53,200.08,200.14,200.18,1011.66,1.5,1.91,50,2.9
2022-01-12T21:00:00Z,0.51,26.4,29.19,30.21,30.77,178.2,208.65,210.57,210.89,210.99,1012.22,1.5,1.81,52,2.9
2022-01-12T22:00:00Z,0.53,35.77,39.24,40.37,40.99,242.25,283.08,285.35,285.72,285.85,1012.9,1.1,1.46,49,2.9
2022-01-12T23:00:00Z,0.48,25.87,28.96,30.24,30.94,173.71,204.03,206.29,206.67,206.79,1013.53,-0.7,0.09,55,2.83
2022-01-13T00:00:00Z,0.44,29.07,30.74,30.74,30.74,199.76,231.37,232.02,232.08,232.13,1013.8,-2,-0.5,57,0.77
2022-01-13T01:00:00Z,0.48,35.62,38.66,39.45,39.88,242.27,282.36,284.19,284.47,284.57,1014,-0.4,-0.45,57,0.81
2022-01-13T02:00:00Z,0.49,27.87,29.72,29.91,30.02,190.92,221.56,222.43,222.54,222.6,1014.3,-1.9,-0.75,56,0.82
2022-01-13T03:00:00Z,0.43,29.05,30.72,30.72,30.72,199.6,231.19,231.83,231.9,231.94,1014.31,-2,-0.67,55,0.72
2022-01-13T04:00:00Z,0.51,29.85,32.77,33.73,34.27,202.03,236.14,238.07,238.38,238.49,1014.55,-1.4,-1.24,56,0.55
2022-01-13T05:00:00Z,0.56,26.39,29.41,30.61,31.26,177.55,208.29,210.45,210.82,210.93,1014.79,-1.3,-1.47,56,0.79
2022-01-13T06:00:00Z,0.6,23.56,26.88,28.44,29.3,156.92,185.22,187.8,188.25,188.38,1015.16,-2.9,-1.87,59,0.95
2022-01-13T07:00:00Z,0.5,25.73,27.91,28.48,28.79,175.02,203.96,205.27,205.47,205.54,1015.18,-3,-1.6,58,0.36
2022-01-13T08:00:00Z,0.53,26.74,30.64,32.52,33.55,177.83,210.13,213.2,213.73,213.89,1016.1,-1.3,-1.34,57,0.19
2022-01-13T09:00:00Z,0.41,30.42,32.16,32.16,32.16,209,242.07,242.74,242.81,242.86,1016.71,3.4,5.7,39,0.79
2022-01-13T10:00:00Z,0.57,30.57,34.68,36.56,37.6,204.12,240.58,243.73,244.28,244.44,1017.07,8.2,12.15,24,0.92
2022-01-13T11:00:00Z,0.51,28.24,30.89,31.71,32.16,191.5,223.61,225.31,225.58,225.67,1017,11.2,16.23,20,1.57
2022-01-13T12:00:00Z,0.42,24.43,25.83,25.83,25.83,167.84,194.4,194.94,194.99,195.03,1016.7,14.1,19.77,10,1.25
2022-01-13T13:00:00Z,0.46,16.53,17.48,17.48,17.48,113.59,131.56,131.93,131.97,132,1016.08,14.7,20.67,6,1.17
2022-01-13T14:00:00Z,0.51,17.96,20.12,21.02,21.52,120.54,141.62,143.2,143.47,143.55,1016.37,16.3,21.3,5,0.63
2022-01-13T15:00:00Z,0.43,22.93,24.25,24.25,24.25,157.59,182.53,183.04,183.09,183.13,1016.28,13.4,17.33,8,0.31
2022-01-13T16:00:00Z,0.41,19.9,21.04,21.04,21.04,136.75,158.39,158.83,158.87,158.9,1016.15,8.6,10.07,15,0.57
2022-01-13T17:00:00Z,0.45,22.64,23.94,23.94,23.94,155.53,180.14,180.65,180.7,180.73,1016.16,5.9,6.58,28,0.95
2022-01-13T18:00:00Z,0.54,33.21,36.05,36.79,37.2,225.84,263.22,264.93,265.19,265.29,1016.05,4.2,4.72,36,1.24
2022-01-13T19:00:00Z,0.48,33.91,36.65,37.27,37.61,231.07,269.01,270.59,270.82,270.91,1016.11,3.1,3.42,41,1.2
2022-01-13T20:00:00Z,0.53,30.04,34.46,36.61,37.79,199.64,235.99,239.48,240.09,240.27,1016.15,2.3,2.77,40,1.25
2022-01-13T21:00:00Z,0.59,28.26,32.82,35.16,36.45,186.82,221.57,225.28,225.93,226.12,1016.25,2.4,2.55,42,1.21
2022-01-13T22:00:00Z,0.52,36.77,40.46,41.71,42.4,248.72,290.85,293.32,293.72,293.85,1016.27,1.2,1.63,43,0.92
2022-01-13T23:00:00Z,0.52,22.9,25.53,26.58,27.16,154.05,180.75,182.64,182.95,183.05,1016.27,0.6,0.89,44,0.77
2022-01-14T00:00:00Z,0.51,23.78,25.32,25.46,25.53,162.99,189.08,189.79,189.88,189.92,1015.73,0.1,0.34,48,0.87
2022-01-14T01:00:00Z,0.44,29.61,31.31,31.31,31.31,203.47,235.67,236.33,236.39,236.44,1015.52,-0.6,0.02,47,0.75
2022-01-14T02:00:00Z,0.55,22.79,24.87,25.49,25.83,154.65,180.49,181.81,182.01,182.09,1015.37,-0.4,-0.27,47,0.52
2022-01-14T03:00:00Z,0.58,19.1,21.35,22.27,22.77,128.38,150.72,152.35,152.62,152.71,1014.75,-0.4,-0.27,46,0.33
2022-01-14T04:00:00Z,0.44,16.34,17.28,17.28,17.28,112.31,130.08,130.44,130.48,130.5,1014.16,-0.2,-0.27,45,0.85
2022-01-14T05:00:00Z,0.55,18.83,20.5,20.97,21.23,127.91,149.19,150.23,150.39,150.44,1013.47,-0.3,-0.16,44,0.93
2022-01-14T06:00:00Z,0.5,15.74,17.49,18.17,18.54,106.01,124.28,125.52,125.73,125.8,1013.02,-1.8,-0.7,46,1.11
2022-01-14T07:00:00Z,0.58,20.94,24.62,26.6,27.69,137.61,163.77,166.83,167.38,167.54,1012.88,-1.7,-0.75,46,1.32
2022-01-14T08:00:00Z,0.63,17.15,20.02,21.52,22.34,113.1,134.32,136.67,137.09,137.21,1012.65,-2,-0.67,48,0.78
2022-01-14T09:00:00Z,0.41,14.54,15.38,15.38,15.38,99.92,115.73,116.06,116.09,116.11,1012.64,4.8,7.3,31,0.27
2022-01-14T10:00:00Z,0.48,12.81,14.21,14.74,15.03,86.36,101.2,102.18,102.34,102.39,1012.08,8.9,13.18,15,0.19
2022-01-14T11:00:00Z,0.51,11.75,12.86,13.21,13.4,79.63,93,93.72,93.83,93.87,1011.16,12.9,18.58,9,0.13
2022-01-14T12:00:00Z,0.51,13.92,15.53,16.17,16.53,93.62,109.86,111.01,111.21,111.27,1010.08,16.3,21.66,5,0.29
2022-01-14T13:00:00Z,0.51,10.59,11.84,12.35,12.63,71.2,83.59,84.49,84.64,84.69,1008.99,18.5,24.34,3,0.79
2022-01-14T14:00:00Z,0.5,11.31,12.08,12.18,12.23,77.45,89.91,90.29,90.34,90.36,1008.22,19.4,24.36,2,0.67
2022-01-14T15:00:00Z,0.38,10.02,10.6,10.6,10.6,68.86,79.76,79.98,80,80.02,1007.49,16.4,20.3,4,0.38
2022-01-14T16:00:00Z,0.42,16.25,17.19,17.19,17.19,111.68,129.35,129.71,129.74,129.77,1007.07,11.2,12.97,8,0.24
2022-01-14T17:00:00Z,0.66,14.13,17.09,18.8,19.74,91.73,110.03,112.59,113.06,113.18,1006.65,8,8.7,20,0.56
2022-01-14T18:00:00Z,0.57,16.77,18.43,18.99,19.3,113.46,132.65,133.76,133.93,134,1006.94,6.6,7.54,25,1.18
2022-01-14T19:00:00Z,0.51,28.95,32.24,33.53,34.25,194.86,228.56,230.9,231.3,231.42,1006.67,4.9,5.57,35,1.28
2022-01-14T20:00:00Z,0.49,32.79,36.1,37.23,37.85,221.77,259.36,261.58,261.94,262.06,1006.62,3.8,4.32,41,0.86
2022-01-14T21:00:00Z,0.52,103.09,112.66,115.57,117.17,699.22,816.29,822.4,823.37,823.71,1006.39,3.2,3.82,43,0.94
2022-01-14T22:00:00Z,0.59,19.81,22.39,23.55,24.18,132.45,155.96,157.92,158.26,158.36,1006.06,3.4,3.72,43,1.2
2022-01-14T23:00:00Z,0.45,29.92,31.64,31.64,31.64,205.62,238.15,238.82,238.88,238.93,1005.69,2.4,2.81,48,1.48
